{"file_hashes":[{"block_hashes":["fNacKfNQyhKPRqwh9B27SSvB/JiE0jcWk8CQd28vIg0=","syGIXFPMhXM11XUC68Tqp27K2tdgU0DX2sStIR/6EOs=","l+wEBi5ce+deUMi03J6ZIoeEY+hNtaHqjw2PE8kt9dE=","rMuIRnEvRzlC02nt6K/0K6WbnRZnJFpInTTkDlVEHZM=","g5fFU4xVKb4HYQ8r7UoQqs9DringKN8rtFU1hVz9IRI=","wgypRREyXttB/pefBDVpYvsv9fvK9JWY5S+DP5UVkro=","5uQsDESZZxW7itWAGgDlu+UbvMSc0A8XmKo0b4OBfZY=","A0IcDE5DGCHGJ+7o2J/qGQ0BxG75h0sBZuYtHerR95I=","QysHdm9Ow/qrhTvXnDHdcOKASWtExFHIkC276TyeAcE=","4rgv4MRSKbyYCYKl2zph2JfPcRBAbWYALOD8dVAXS/Y=","BXE+cRUDJyRr/aqQ4SQQKlt/wzlJy6W2ghdz1npZscg=","/O97fmam8RLF65IRLg0BNoPWySyJSv4MeWYNPMDC4fY=","ji3YlDxAW6Au9Q4DF90RNVS81lS4iXX3KSznvFbElVY=","As4gm1HPbUd87bmQ1O1oJ/VKy0gQqa7KhcSu08UDFdc=","sd35FHpE8UR9KNEpsh2rcoYh2+l5gD3A7VNSIJhnmoI=","w77sTtEQnoduEEZ9la6G54w19xQ+k5X0dQcRwDLIZaU=","oyKDCtyuUP7bH0vtGj1QGXAcw95aHhMkktOBFyztWdk=","Ip28dAtHBFAjUmKCHdKQMGLw7rsTEYLVKLHCi8XPLxI=","Os2FS8d56hMFNCob4333F4KQTvIRz9OQUSDesBQBwgY=","RQwyI9uTuU2HnJDj9Lepy08C/kxlKy6x9ZiOkqktGKE=","KxpWUhJQg5kMoOmDi9XmYcqoxD936TIdztyquZART2M=","K3gZp14p8Y2fRH0b5KirxQ2eTQndenzUYGxRdeyjYLM=","oBcEbZXboIJJDu0L3Lc7+t0yTmbOaZ+nvWF4rccRpmY=","bEE6yzUlzhWxoyr21eob1lKl65wLnvoFmgqypPG+l+4=","/SkhZWg08Bskk8ebdKpNfA/EKKVPk7uPqUeDTJgC7is=","AVnyUfXlMPBpZHfYKsa3GG7QzJXOUIOvvjr9hqzY9xE=","FNoahd2Zd2c1k/s9qaYv0cuRJeUzKw4MUun8gkdDN9Q=","3o3tqWRHVUx9x3aDaEC1KvlU0jL1d+G5RI9WZRWzO5M=","DnVi2CDVHDtIb526NeHV6fwkQvN8btiGryk4htEGh74=","8foupcNNqwUg+rV5bvR0ERty6TVK3xN37KDWJp3ucKo=","icq3NDwNHXOlWYhMUruil3oGc6OL0Ps8usEIHWn3RfA=","M/D8Q511AdA8jtCR/151p8675Lh3KsbLmnLCQKOBwCU=","kL9k0e8wHbU48IL5SXyKMqtxUMbVLe6nc5sXPTuILbs=","R7D+Rb1DGTQLRuoPXyuAOEE9Jrsz7GzcGzpGQWwthsU=","DfoGEY+rLvJB0gpWfX97U3xG6Lc9JiRZXsQWrt5RgUM=","scDmYU1RY/ayizKV0U2CzRxPfj6ywmjPgNjlreu9T5I=","f/EC1hefNV4L82Abkw/v0XCe0p79K4vkZWUcBLq6Lvs=","rm2VodjMAvAnfgqWnEw6p8esbSxidkXkwoibz7+Wwmg=","07PbkxFuVLDBXxio/Mpojbr99BsTY200+NRidM8y58c=","QtzMi91r4DEXdkBF78GzC8buIijN3amu4J1YlG2/kqY=","MZeIXA0ZRXU0MR9JsNZxQX1Zx8kDxg8YkjsApOYZzfs=","SPzu5+MLpODbEmHE3TlJDVq8PfJawO+4HzeQNRGfxhQ=","XfcH4miV8ZsBEiZKRsmAgMwDs98nq8aqm7vj64IrmsU=","o4WW+EPbq0yAVnPZdAmYQGAPyd/O+Tk3sqrX0bZss7Q=","A4ROwV3+fqEqi8bzdjsP9EEbcDDngidL0M92XRvuozA=","uA7y/Rz04SuEq5xtVVZnxcRo3iwWjNs/67WR85AkEnM=","hHDbyh5oC8a0aeyEL2NwuzBdKVoqzqM7zJnM4D/v4Gc=","lToYKJ7rMQkD+rbcvo9kj/Sbr5+LOVwr8q4GzjwYfrY=","LcGwMm7s7Z0acvzKw6emOBxNBz527DbiZMTATTGwlnA=","zRt9V4HCYgQbj6ms39CCX9z9SenXM+/Eidwxg1nPncQ=","OS9tqm/cc6jM/QLQ8ny//nsiKgeboHm1MrRnP1fJT1I=","/EtRsVx7mvHDZRuAnt8ICh3otktgUH4hyzddH2UoFn4=","j9QVcoukUAHNulxHLFzY08gT16UNMNWMID6be1HfnlI=","8OBaw/9o8Q1IYNcM1WJhi5N5gHpQZzY/+8bq0XR2glU=","vv6Sp+tG522Ie5UWvVfGyLzadQyCWjSOAVsVBgSN2po="],"block_size":4096,"path":"54.js"},{"block_hashes":["HcwrVQS8/A9dm0hj+OEXyOjXE+257z7TSNo9VbrwpLM="],"block_size":4096,"path":"54.js.LICENSE.txt"},{"block_hashes":["tDNFqOEY1T2mSFNuDEM5LT0sYb/BxENj6M14h8Fht5c=","8ZMpGWOrSF+O8Sg4jANOApzLLMW+a1WT+/SSj27euI0=","MyTtgPrK5DAvYS4klAuBfNaGbIVdEwRXHo5h41E5BCw=","guCi1CAs+P1Sh2asQV4H5DToXCQjzDjUjIeIa/Sa6so=","C/31ORY2XLekPeqpxJC6NcEXL1vFtkVe+qujstmJlHs=","+/IacDgHkj+kBNHAVdNvck7dqShDm4IIX+N2S8AKYZ0=","TlRhRkpYRuppy5FKPTFpVfHdR6erzwtUB995S7eHsXk=","YGMNtTWkh3tS2xkR4zHa1TIf/Ip4dU24DI2Im6q6590=","rUKR7vRAza1YpuawXQA+ZZNWkx/igs0m5KeeGHLV9yc=","6XxX0tc7OEUvY4iG4Gf0QuGKzQvHhHqW50kFoxTgeeM=","gQ+xK/qa/zAIvZMnet2QnBFOCLO/5MGOdH2w+5+3pyw=","NolX3kBLItNQCYuIK2bPXKQXkc5S9OmRjy5n19N+qx4=","zA8IDWv2T0npdNFS7EhbSUVYMRfVV/fGT/zPsmeVbJY=","O5HNJ2ScZjGhvSzIJaLXvNPS27cOXarkh9UwZxj7NJ0=","n4nbz86JxucVZSz18ngZLZIup5RV09IgdtWVTvGlBXY=","+MuUAPzdP1uW0/yFH77JKwhWR9kbaZQq29ytcVmRmqA=","LFtri/I0vuoF/zXGXR8BpWiZLuoIYqcL7QpbX9qNh4I=","2tBe5DWsYBQLkVXpZQb3hnrwWC/qVu3kU9Rf5k6iz4M=","fS3/OD66zgStfGF8zVZBEBvE/XAU5p6FmE9HQUjJ+bQ=","sUG5pPH5uhPKWI+P9aQu5ALQEXejjBJcXaqWBd0y3Tc=","AaMUPvksm9ldZzTzxI32IUBD/SdXSq0w17DzrCu/VYc=","ZolLUstI5EcvoZzVQ5q7FELq7ko/r+KraLXyfi8/fY0=","3Fiy8Il5DHMoxeRlJCEjfTDl8FIqH4v4T/s6eN/Nx7w=","B+HwWsFodluA8xDC4fCNhkDGdw+S3tM5cr24cH8nJX8=","2aWG2RWOA+5Z1XC/KlocTp4xCX127oL/5zf6v0s2cic=","ACxGf3cY9DFH2nkyyPQsC/d55caoEpmunFzHz/9DaAI=","1upL14xjjhjWOLoQMQXEvvIlCKW5GA1GQ2Jkxd43jFE=","ja8htORQrXarPNPjbkAlr8Cbu4viYLvLjEzbVUir3Mg=","1gAmvsV7eo72D+Q0uIzJ16EziJI+F08JUkZH0yWFoVk=","qqPlfkrH91dWiSfrXQXQNL+aAf775EsDpxtCh08QhV8=","HVJeTszHrREtGSAw9NV8iZUlL/PE2e2BwxSEv7IFees="],"block_size":4096,"path":"967.js"},{"block_hashes":["n6ku4CAGiHrqyY+1XcdWnpAf7GgqXGOoaR7QcxWJfI8="],"block_size":4096,"path":"967.js.LICENSE.txt"},{"block_hashes":["vLbqD6PIELR2Wmmf2ybkiqZid4uumtSyWUwkE5ftBWs="],"block_size":4096,"path":"assets/appConfig.ts"},{"block_hashes":["Bt7ycf3aPzaKnOaXSppRY+1Rhh+b3gsg3epfANnPqVc="],"block_size":4096,"path":"assets/images/ctdCallIcon.svg"},{"block_hashes":["iSjyIqu8xIiKJPaSez+OT6L4kotlU97u4uoqWSFy9UE=","od9lfE7nMz2TKq3CvZNf/xygwVJdpQNY9h1ju8AfsWw=","eci5jTN6djR/KPTzI9xuoIjg6aP2eiY9vDm+s7fnSnQ=","hqQPAShs7Jq7/7zceVUwYHZBdPSc5RPXipcSYbHmq7E=","2Emuun7+ZLpKQY4d2bPXKsqpUxXObEW29z3Xr5kGEUM=","Wamwx+/PaRTlYuH00SidRpsgOEV88GsVYvzGa3ZmqoA=","H7CWouJwrHYNqwKXyyOfqe2+FLRRZZna82vaSm1VpXI=","YRXqMs1zYzGCbupNtN3Y8wBm/LwXQElXcNkzVjOodWo=","qKMBAF/A+oRuDwSTCz5XiDkIWqZ6kilS2VToVy+cC7c=","seF0tVZcMVvuqf4F6acOhUveL+/WsRX7FGbKWE30pAI=","Kxt6ussNGhXH2+QwK42V24BCg2u6zRDv8REKEYY72Cc=","5P+iY1T/d268TJ+hV5rRbY0fzCwHLme7Y5KefS2p2co="],"block_size":4096,"path":"background.js"},{"block_hashes":["WPOkfXwEJTR53jzTjfZg4sl2uH+AZPHf4eD0MI7YlFE=","dt/0GIJX1dTxaNMCdGQcN6S23NQds+heTmkeT+K5OmM=","6Ke4+ruoDw5bUWwLd6JjveMujc6CRaTP3yADBiH1oww=","1upLQWEwrIR0iTZZa9XqaO4N1RE8Rl739ASRwkMhmtc=","nSlUKhBPiHtxMPT5RZmEniWqHzswti52Ih90zGpy7iQ=","1KnGTWsR4u6H0BcMg9D7ZasCGvTAO8VUUWG5v02/tTk=","VoOCzQlxHRYNtRmLwF9YlW8yZbJzaGwwFF5f1crIFf4=","sgbiFV3/heZnIUB7pM1ZhcxpOz4b6TLHQ113ugHgcvE=","j4xP7j+veNNaaJ/wJK5znVqtizZxg6IsvPyxI5/XZkA=","2t2CYu2FQPnpYLKURtHjbEKs/dS+mw4cNpdz4nDxoew=","7BHPGjE1izJqNHPwswNeOeo1sRZP7QhjVMqVlUJ5tp0=","aDzGz5o/hqOPcdjyT/ELBjKDGwvuKEx44hrNqaZrqDE=","OtAz2R8lyy+Bs3G1Yd6KpdHYzDgRlcrBITV/rg2kNJk=","uSQsGCDpp5Q0V5yV0GPBmsDo8ezEPI49Y+CZNvY1L10=","Qn1tarGUW+UXcfJN+LQERApNog5l5bZJtsxRaCw/+V8=","WXlDVABcZOaqP2Smynn4E4yDiUArcm7lx3N3f62FZ6M=","Fq/8JibwBSWKaa7LldSoPBFmI0HMv5Apsou+qrKnWzw=","+7MnAZxsjKIxY/5btNfqAuBzyr81d+wwmqvpq5EPxms=","uikNJ77Sun8/eNGUJ54rqYEvSESq5PYsBWNdrM0I2Nk=","R/zHTNgVswQwOA+GmyTSNSwJt3t47Vk4QRVMKjiFBVA=","yCBoUgGCJLa2DoKv4FMjmsBdavBRxMwNmu+i/ai07HA=","2ebriOuhfoKkvKGZjC/F4nt2Yj4zE/xtF4clA7OUpwc=","j8wKVD+/6mYH66nMVcMVoFBlNefFHPQMvQJKTF+YlbA=","Dn09X8GA9S8yB0nQKbuu32ycy/pOwa5UDH2NaATfQe8=","ds0Q4wOUmXVnZ6zarOF2Ggyvx0QNo5OwZtIKOJuIB54=","7zp+0n65lRrjMWawEikr8VQv2y1XHOlEqxpwsUQ3oak=","jYl/Y34GXfJRSBX/O4lBFqHXzRw83jQIjysbVnBM0Kw=","RyKBvoAOlNdPdii08ApAcN6ISLfXM32g0fZBN1pL/FY=","fJpGGHZ+6U+/AedqxD/FL4rUsKMg3D/UCDA3+6xsWVs=","KxHmR6F+/71hT2oAeURNrfjbSGaZs+zYWf8X9KBTcmE=","0uMRnGqJWSxBr6s1gDS0DdvYaZ2ta+nLcabgJRqABPQ=","gQiMDG/zyYRiwnEfDoB+Up5DpGtQsCKIX8xDv/GC5rg=","ZflbqsDS2bGY1jRqfLr4SfjyHEzJMIrhJETQ3pBC0EA=","rZG0FOenHeBq6lrPY1WB1rEIlBhFYDm8IW0sPGGq4Ms=","dphB8GJNuXxsW4LVyL/sSLQhD4w9QVOSpKfr2SPmJao=","xalDlrYjVGzmHUCUV/HrM6Zh02ovl/3GJtuNwp9a4qw=","NyBE2k0O4AoDJ9ZpG9aUnJBZUukz2ZgDEwITUcyN+us=","JdNesj6YwowyKAQqNvh/XpDnGeiY2+WX9SFCPgGxvXg=","tvwAPeC+WPDdvfxVBXKplSyTFx5VD/SZipy4HDAiV5s=","i/8BsyHEjNmRvsts/n+fwSWgcbvZvtiAyQiMmtUVPA8=","bw4jbo71QJLnnq2wZu2VacIpuO0OGh1tMKjgimcr1S8=","erZdmXougG6a7p4S374mvtBc+uSdv1upBe8zUlJWMwY=","mfFd29JPw/UpjJ2N9yil4hzMzOWQYpB9Ddo3sqVVjAg=","fWYSEEVwlq/X+aQwzXsVczETer0/JY39DYfk9wg202c=","SchnSa5WoqMFCV1tKjwb9cLZk6GazsGZiVTZNcapBVg=","h2E2rPVmPA5BAHeQkNjnHXteIK5tVW1XK93ZMg7ycV8=","Kki6WvHDk4ruRNAcR3e2LqH8V3Jnl9hAizfOABT04cM=","KCT1q+PAopPGIClqPQuzUgcGzj/p8KiKBstaylQHOSw=","Er1aL5aMgTOrJD04hgGTK+1hn8Imxb+mXOEXKNFPm8s=","FDc4UtIT4jNQ4WHWsQPY++BrpVu6JWmW5WUJUhLBlq8=","hqm6gTqPorJvo0Lh4neV1kIKC90v3Q6rmUiRCUC30L4=","IVdqpqzeOqlJcx8T63VyZWvVTl+dUGqNC5GyQM76P0I=","nknpf1cQOGJ53MsnDP+UyEeJcij/4RBsJRFkOSYQEG0=","hXiKYyBX3Q3Lypd7uPL/geDR6n6QlFGEmdYTy6wBSaQ=","0bnbMXixAcXFuIr7zY0vVPLn2NE/r/8Yat880t2Rzsw=","ClQvzb4DiuM0CPuH8d+NzYb6XxL3MOo+U1b9LbzblmM=","9WsfxTgRish+a6RRSKb9waU6n/wEEvRmKRjsrJ3/sko=","r+O/yLMC+W3ld9qbOMuoarnFXdJ3QFB55SZLz6QeSI0=","dmWW/4pHwyOpwcoB5R/1cHlJ5prlhOBxhY6J3sbjwsI=","ZzanJjprr0UZfhCcpMn2I68RccuI2ePgL4l+TJnQs4o=","SXRBg1C529LUU1AqrnXu3LqSa5cJXc2M5/FBBE5Wpuk=","VujFQHHqC80P3J/5nW9ZHrEm65STw2WZGi3jz9PW21Y=","D/bJK0EjLQEAWfAMAIUmn1CnrzxvN0tPOxp0/utjXBU=","Cc9Avg47gYgLTLpGCMCYb+kvSPgcfcWF0x2v+ifqlb4=","sdSJFQsypRCVzUYpmNe15Y+xg19lrxe4z2Y4FA83Xik=","k0X1jnpIGiNBGzxOxWsZlcXjg5As0mYquRdoznDXugY="],"block_size":4096,"path":"contentScript.js"},{"block_hashes":["ON6QDr7y/yadokgWqhLiJEjaFRglwuO1/dEviyJbah0="],"block_size":4096,"path":"contentScript.js.LICENSE.txt"},{"block_hashes":["6F9Ql+cj/S8kn1vvhdwYCrOJQe3xzYzLVDQUIuEzn20="],"block_size":4096,"path":"index.html"},{"block_hashes":["OwWAApvycixOxFIL0eNJNvUSpfigmXrI5mvkzaFoPnc="],"block_size":4096,"path":"options.html"},{"block_hashes":["3+EnrRlPBEgYKzozuFDP7S6nEuRODahJkOAMItffTCA=","KPljc54/vE8NfR8RQDBk89flIcOKhvAO4cyAbCvCbBA="],"block_size":4096,"path":"options.js"},{"block_hashes":["KH9768lbJiX/CBBxHV7Exnojy54TsWcoflz1Oppos5c="],"block_size":4096,"path":"popup.html"},{"block_hashes":["aO3QU38B0dIqOEuF3oAKKP2xLCiJivnR4hlH9Man1e0=","pfiQ0QWjXvBqm+Fm9s63xxDv3dBusgEzNlcgHcYgETE="],"block_size":4096,"path":"popup.js"},{"block_hashes":["fIcA1NjH8piTqA6xkFKrSeubgnAvEBE9GUbzo7/yHME="],"block_size":4096,"path":"popup.js.LICENSE.txt"}],"version":2}